{"packages/cupertino_icons/assets/CupertinoIcons.ttf":["packages/cupertino_icons/assets/CupertinoIcons.ttf"],"fonts/Electrolize-Regular.ttf":["fonts/Electrolize-Regular.ttf"],"fonts/Montserrat-Regular.ttf":["fonts/Montserrat-Regular.ttf"],"assets/images/africa.jpg":["assets/images/africa.jpg"],"assets/images/animals.jpg":["assets/images/animals.jpg"],"assets/images/antarctica.jpg":["assets/images/antarctica.jpg"],"assets/images/asia.jpg":["assets/images/asia.jpg"],"assets/images/australia.jpg":["assets/images/australia.jpg"],"assets/images/cover.jpg":["assets/images/cover.jpg"],"assets/images/europe.jpg":["assets/images/europe.jpg"],"assets/images/google_logo.png":["assets/images/google_logo.png"],"assets/images/north_america.jpg":["assets/images/north_america.jpg"],"assets/images/photography.jpeg":["assets/images/photography.jpeg"],"assets/images/south_america.jpg":["assets/images/south_america.jpg"],"assets/images/trekking.jpg":["assets/images/trekking.jpg"]}